{"stats":{"minecraft:custom":{"minecraft:inspect_dropper":29,"minecraft:interact_with_crafting_table":10,"minecraft:open_barrel":10,"minecraft:open_shulker_box":5,"minecraft:leave_game":8,"minecraft:time_since_death":101321,"minecraft:climb_one_cm":2919,"minecraft:sprint_one_cm":78197,"minecraft:walk_one_cm":1181492,"minecraft:drop":44,"minecraft:play_time":708928,"minecraft:deaths":7,"minecraft:sneak_time":62094,"minecraft:walk_under_water_one_cm":7040,"minecraft:interact_with_lectern":5,"minecraft:jump":1023,"minecraft:walk_on_water_one_cm":5367,"minecraft:total_world_time":1229646,"minecraft:pot_flower":7,"minecraft:time_since_rest":101343,"minecraft:interact_with_beacon":10,"minecraft:fly_one_cm":3550384,"minecraft:open_chest":3,"minecraft:crouch_one_cm":160799,"minecraft:inspect_dispenser":4},"minecraft:dropped":{"minecraft:gold_ore":1,"minecraft:porkchop":576,"minecraft:cooked_beef":384,"minecraft:emerald_ore":1,"minecraft:lantern":2,"minecraft:cherry_sign":1,"minecraft:dispenser":1,"minecraft:wooden_axe":1,"minecraft:paper":192,"minecraft:gray_carpet":1,"minecraft:redstone_ore":1,"minecraft:stripped_dark_oak_log":1,"minecraft:cherry_slab":1,"minecraft:diamond_ore":1,"minecraft:red_terracotta":1,"minecraft:flint_and_steel":1,"minecraft:brain_coral_block":1,"minecraft:gunpowder":512,"minecraft:redstone_torch":1,"minecraft:campfire":1},"minecraft:used":{"minecraft:moss_block":376,"minecraft:cherry_sapling":8,"minecraft:iron_bars":3,"minecraft:writable_book":4,"minecraft:enchanting_table":1,"minecraft:orange_concrete":73,"minecraft:flint_and_steel":6,"minecraft:armor_stand":2,"minecraft:smooth_quartz_slab":4,"minecraft:redstone_ore":65,"minecraft:red_concrete":15,"minecraft:dispenser":3,"minecraft:redstone":27,"minecraft:bamboo_sign":2,"minecraft:ladder":49,"minecraft:stripped_warped_stem":4,"minecraft:white_concrete_powder":9,"minecraft:decorated_pot":1,"minecraft:chest":1,"minecraft:white_terracotta":94,"minecraft:brown_concrete":65,"minecraft:stone":1788,"minecraft:quartz_stairs":15,"minecraft:pink_candle":2,"minecraft:brewing_stand":1,"minecraft:white_carpet":12,"minecraft:spruce_stairs":2,"minecraft:allium":10,"minecraft:warped_door":2,"minecraft:pink_terracotta":82,"minecraft:pink_carpet":32,"minecraft:tuff":80,"minecraft:pink_dye":10,"minecraft:granite":107,"minecraft:light_blue_stained_glass":26,"minecraft:stripped_spruce_log":11,"minecraft:shroomlight":34,"minecraft:brown_terracotta":1,"minecraft:flowering_azalea":4,"minecraft:sea_lantern":30,"minecraft:lava_bucket":1,"minecraft:netherite_shovel":82,"minecraft:bookshelf":49,"minecraft:birch_hanging_sign":23,"minecraft:cherry_slab":74,"minecraft:light_weighted_pressure_plate":5,"minecraft:quartz_slab":6,"minecraft:red_wool":13,"minecraft:lantern":13,"minecraft:iron_block":31,"minecraft:grass_block":580,"minecraft:oak_stairs":7,"minecraft:slime_block":20,"minecraft:warped_fence":29,"minecraft:bamboo_hanging_sign":7,"minecraft:polished_andesite_stairs":1,"minecraft:quartz_block":10,"minecraft:cherry_trapdoor":25,"minecraft:dark_oak_slab":11,"minecraft:cherry_button":4,"minecraft:cherry_leaves":522,"minecraft:pink_wool":73,"minecraft:pink_stained_glass_pane":158,"minecraft:barrel":11,"minecraft:item_frame":1,"minecraft:repeater":18,"minecraft:tripwire_hook":4,"minecraft:glowstone":180,"minecraft:red_carpet":10,"minecraft:redstone_lamp":16,"minecraft:warped_stairs":3,"minecraft:hay_block":24,"minecraft:iron_trapdoor":3,"minecraft:white_stained_glass_pane":2,"minecraft:gold_block":156,"minecraft:pink_concrete_powder":5,"minecraft:cherry_fence":58,"minecraft:cherry_log":167,"minecraft:orange_terracotta":1,"minecraft:magenta_dye":5,"minecraft:stripped_spruce_wood":31,"minecraft:pointed_dripstone":290,"minecraft:brain_coral_block":18,"minecraft:light_blue_carpet":46,"minecraft:emerald_ore":42,"minecraft:dark_oak_stairs":54,"minecraft:water_bucket":53,"minecraft:chiseled_bookshelf":8,"minecraft:diorite":149,"minecraft:end_rod":29,"minecraft:iron_ore":91,"minecraft:pink_glazed_terracotta":15,"minecraft:brick_wall":7,"minecraft:dropper":12,"minecraft:cyan_candle":4,"minecraft:gray_carpet":3,"minecraft:redstone_block":20,"minecraft:spruce_sign":8,"minecraft:beacon":10,"minecraft:glow_ink_sac":21,"minecraft:gold_ore":98,"minecraft:conduit":1,"minecraft:large_amethyst_bud":1,"minecraft:smooth_quartz_stairs":9,"minecraft:white_wool":57,"minecraft:pink_concrete":1230,"minecraft:polished_blackstone_pressure_plate":3,"minecraft:blue_dye":3,"minecraft:yellow_terracotta":3,"minecraft:stripped_dark_oak_log":187,"minecraft:terracotta":16,"minecraft:light_blue_concrete":39,"minecraft:crafting_table":3,"minecraft:light_blue_wool":281,"minecraft:birch_sign":5,"minecraft:yellow_concrete":540,"minecraft:campfire":14,"minecraft:dark_oak_fence_gate":2,"minecraft:stripped_cherry_wood":19,"minecraft:gray_concrete":307,"minecraft:painting":41,"minecraft:black_concrete_powder":2,"minecraft:cake":1,"minecraft:spruce_log":53,"minecraft:bamboo_button":7,"minecraft:birch_fence":45,"minecraft:small_amethyst_bud":1,"minecraft:redstone_torch":73,"minecraft:sticky_piston":28,"minecraft:light_blue_candle":14,"minecraft:gray_terracotta":8,"minecraft:oxeye_daisy":9,"minecraft:flower_pot":8,"minecraft:cornflower":13,"minecraft:black_concrete":134,"minecraft:black_wool":1,"minecraft:waxed_exposed_cut_copper_stairs":1,"minecraft:cherry_hanging_sign":22,"minecraft:dark_oak_log":16,"minecraft:command_block":24,"minecraft:stone_button":30,"minecraft:netherite_axe":83,"minecraft:lapis_ore":49,"minecraft:lectern":2,"minecraft:spore_blossom":7,"minecraft:red_terracotta":1,"minecraft:spruce_trapdoor":47,"minecraft:cherry_sign":4,"minecraft:oak_pressure_plate":2,"minecraft:diamond_ore":64,"minecraft:gravel":6,"minecraft:purple_dye":5,"minecraft:lilac":20,"minecraft:pink_petals":157,"minecraft:pink_bed":2,"minecraft:light_blue_concrete_powder":1,"minecraft:cherry_stairs":99,"minecraft:dark_oak_fence":48,"minecraft:pink_shulker_box":1,"minecraft:andesite":273,"minecraft:white_stained_glass":3,"minecraft:bucket":4,"minecraft:chain":17,"minecraft:pink_stained_glass":114,"minecraft:ice":411,"minecraft:sea_pickle":5,"minecraft:polished_blackstone_button":5,"minecraft:stripped_oak_log":1,"minecraft:stripped_cherry_log":79,"minecraft:white_concrete":547,"minecraft:bone_meal":177},"minecraft:picked_up":{"minecraft:allium":1,"minecraft:stripped_cherry_log":1,"minecraft:brain_coral_block":1,"minecraft:pink_candle":1,"minecraft:pink_shulker_box":1,"minecraft:light_weighted_pressure_plate":2,"minecraft:redstone_torch":2,"minecraft:light_gray_wool":1,"minecraft:cherry_button":3,"minecraft:stick":4,"minecraft:stone":2,"minecraft:porkchop":576,"minecraft:stone_button":2,"minecraft:command_block":3,"minecraft:pink_glazed_terracotta":2,"minecraft:white_terracotta":1,"minecraft:stripped_oak_log":1,"minecraft:pink_petals":1,"minecraft:purple_dye":1,"minecraft:cooked_beef":384,"minecraft:glow_ink_sac":1,"minecraft:cherry_fence":1,"minecraft:gunpowder":512,"minecraft:paper":192,"minecraft:lantern":1,"minecraft:iron_ingot":1,"minecraft:cherry_sign":1,"minecraft:light_blue_concrete_powder":1,"minecraft:firework_rocket":10,"minecraft:diamond":1,"minecraft:cherry_hanging_sign":2,"minecraft:painting":3,"minecraft:spruce_sign":1,"minecraft:cherry_slab":1},"minecraft:crafted":{"minecraft:firework_star":64,"minecraft:firework_rocket":768}},"DataVersion":3465}